<?xml version='1.0' encoding='UTF-8'?>
<!-- Created with Fritzing (http://www.fritzing.org/) -->
<netlist sketch="A_Smart_Crutches_Fall_Detection_IoT_Project.fzz" date="Tue Sep 3 14:39:03 2024">
 <net>
  <connector name="4" id="connector5">
   <part id="295820" title="Header 4" label="JP1"/>
  </connector>
  <connector name="Pin 25" id="connector24">
   <part id="62390" title="FT232-AZ USB to TTL serial adapter" label="A3"/>
  </connector>
  <connector name="Pin 25" id="connector24">
   <part id="62391" title="FT232-AZ USB to TTL serial adapter" label="A3"/>
  </connector>
  <connector name="Pin 9" id="connector8">
   <part id="62390" title="FT232-AZ USB to TTL serial adapter" label="A3"/>
  </connector>
  <connector name="Pin 9" id="connector8">
   <part id="62391" title="FT232-AZ USB to TTL serial adapter" label="A3"/>
  </connector>
  <connector name="via" id="connector0">
   <part id="301441" title="Via" label="Via3"/>
  </connector>
  <connector name="via" id="connector0">
   <part id="301440" title="Via" label="Via3"/>
  </connector>
  <connector name="cathode" id="connector0">
   <part id="62281" title="Yellow LED - 5mm" label="LED1"/>
  </connector>
  <connector name="cathode" id="connector0">
   <part id="62280" title="Yellow (595nm) LED" label="LED1"/>
  </connector>
  <connector name="cathode" id="connector0">
   <part id="62341" title="Green LED - 5mm" label="LED3"/>
  </connector>
  <connector name="cathode" id="connector0">
   <part id="62340" title="Green (570nm) LED" label="LED3"/>
  </connector>
  <connector name="cathode" id="connector0">
   <part id="62311" title="Red LED - 5mm" label="LED2"/>
  </connector>
  <connector name="cathode" id="connector0">
   <part id="62310" title="Red (633nm) LED" label="LED2"/>
  </connector>
  <connector name="E" id="connector0">
   <part id="63201" title="NPN-Transistor" label="Q1"/>
  </connector>
  <connector name="E" id="connector0">
   <part id="63200" title="NPN-Transistor" label="Q1"/>
  </connector>
  <connector name="+" id="connector1">
   <part id="64341" title="Battery" label="VCC1"/>
   <erc etype="VCC">
    <current flow="source" valueMax="0.1"/>
    <voltage value="3"/>
   </erc>
  </connector>
  <connector name="+" id="connector1">
   <part id="64340" title="Battery" label="VCC1"/>
   <erc etype="VCC">
    <current flow="source" valueMax="0.1"/>
    <voltage value="3"/>
   </erc>
  </connector>
  <connector name="Pin 43" id="connector42">
   <part id="58341" title="weact studio black pill" label="A1"/>
  </connector>
  <connector name="Pin 43" id="connector42">
   <part id="58340" title="weact studio black pill" label="A1"/>
  </connector>
  <connector name="Pin 4" id="connector3">
   <part id="58341" title="weact studio black pill" label="A1"/>
  </connector>
  <connector name="Pin 4" id="connector3">
   <part id="58340" title="weact studio black pill" label="A1"/>
  </connector>
  <connector name="Pin 23" id="connector22">
   <part id="58341" title="weact studio black pill" label="A1"/>
  </connector>
  <connector name="Pin 23" id="connector22">
   <part id="58340" title="weact studio black pill" label="A1"/>
  </connector>
 </net>
 <net>
  <connector name="Pin 40" id="connector39">
   <part id="58340" title="weact studio black pill" label="A1"/>
  </connector>
  <connector name="Pin 40" id="connector39">
   <part id="58341" title="weact studio black pill" label="A1"/>
  </connector>
  <connector name="via" id="connector0">
   <part id="300120" title="Via" label="Via1"/>
  </connector>
  <connector name="via" id="connector0">
   <part id="300121" title="Via" label="Via1"/>
  </connector>
  <connector name="via" id="connector0">
   <part id="300081" title="Via" label="Via2"/>
  </connector>
  <connector name="via" id="connector0">
   <part id="300080" title="Via" label="Via2"/>
  </connector>
  <connector name="3" id="connector4">
   <part id="295820" title="Header 4" label="JP1"/>
  </connector>
 </net>
 <net>
  <connector name="Pin 39" id="connector38">
   <part id="58340" title="weact studio black pill" label="A1"/>
  </connector>
  <connector name="Pin 39" id="connector38">
   <part id="58341" title="weact studio black pill" label="A1"/>
  </connector>
  <connector name="2" id="connector2">
   <part id="295820" title="Header 4" label="JP1"/>
  </connector>
 </net>
 <net>
  <connector name="Pin 1" id="connector0">
   <part id="58450" title="buzzer 9mm 9042" label="A2"/>
  </connector>
  <connector name="Pin 1" id="connector0">
   <part id="58451" title="buzzer 9mm 9042" label="A2"/>
  </connector>
  <connector name="Pin 22" id="connector21">
   <part id="58340" title="weact studio black pill" label="A1"/>
  </connector>
  <connector name="Pin 22" id="connector21">
   <part id="58341" title="weact studio black pill" label="A1"/>
  </connector>
  <connector name="Pin 44" id="connector43">
   <part id="58340" title="weact studio black pill" label="A1"/>
  </connector>
  <connector name="Pin 44" id="connector43">
   <part id="58341" title="weact studio black pill" label="A1"/>
  </connector>
  <connector name="Pin 1" id="connector0">
   <part id="58340" title="weact studio black pill" label="A1"/>
  </connector>
  <connector name="Pin 1" id="connector0">
   <part id="58341" title="weact studio black pill" label="A1"/>
  </connector>
 </net>
 <net>
  <connector name="Pin 1" id="connector1">
   <part id="119280" title="100Ω Resistor" label="R1"/>
  </connector>
  <connector name="Pin 1" id="connector1">
   <part id="119281" title="100 Ω Resistor" label="R1"/>
  </connector>
  <connector name="Pin 19" id="connector18">
   <part id="58340" title="weact studio black pill" label="A1"/>
  </connector>
  <connector name="Pin 19" id="connector18">
   <part id="58341" title="weact studio black pill" label="A1"/>
  </connector>
 </net>
 <net>
  <connector name="Pin 31" id="connector30">
   <part id="58340" title="weact studio black pill" label="A1"/>
  </connector>
  <connector name="Pin 31" id="connector30">
   <part id="58341" title="weact studio black pill" label="A1"/>
  </connector>
  <connector name="Pin 8" id="connector7">
   <part id="62390" title="FT232-AZ USB to TTL serial adapter" label="A3"/>
  </connector>
  <connector name="Pin 8" id="connector7">
   <part id="62391" title="FT232-AZ USB to TTL serial adapter" label="A3"/>
  </connector>
  <connector name="Pin 19" id="connector18">
   <part id="62390" title="FT232-AZ USB to TTL serial adapter" label="A3"/>
  </connector>
  <connector name="Pin 19" id="connector18">
   <part id="62391" title="FT232-AZ USB to TTL serial adapter" label="A3"/>
  </connector>
 </net>
 <net>
  <connector name="Pin 1" id="connector1">
   <part id="119300" title="100Ω Resistor" label="R2"/>
  </connector>
  <connector name="Pin 1" id="connector1">
   <part id="119301" title="100 Ω Resistor" label="R2"/>
  </connector>
  <connector name="Pin 17" id="connector16">
   <part id="58340" title="weact studio black pill" label="A1"/>
  </connector>
  <connector name="Pin 17" id="connector16">
   <part id="58341" title="weact studio black pill" label="A1"/>
  </connector>
 </net>
 <net>
  <connector name="P" id="connector5">
   <part id="120920" title="SWITCH_SPDT" label="U1"/>
  </connector>
  <connector name="-" id="connector0">
   <part id="64340" title="Battery" label="VCC1"/>
   <erc etype="ground">
    <current flow="sink" valueMax="0.1"/>
   </erc>
  </connector>
  <connector name="-" id="connector0">
   <part id="64341" title="Battery" label="VCC1"/>
   <erc etype="ground">
    <current flow="sink" valueMax="0.1"/>
   </erc>
  </connector>
 </net>
 <net>
  <connector name="1" id="connector0">
   <part id="295820" title="Header 4" label="JP1"/>
  </connector>
  <connector name="S" id="connector6">
   <part id="120920" title="SWITCH_SPDT" label="U1"/>
  </connector>
 </net>
 <net>
  <connector name="B" id="connector1">
   <part id="63200" title="NPN-Transistor" label="Q1"/>
  </connector>
  <connector name="B" id="connector1">
   <part id="63201" title="NPN-Transistor" label="Q1"/>
  </connector>
  <connector name="Pin 0" id="connector0">
   <part id="120310" title="1kΩ Resistor" label="R4"/>
  </connector>
  <connector name="Pin 0" id="connector0">
   <part id="120311" title="1k Ω Resistor" label="R4"/>
  </connector>
 </net>
 <net>
  <connector name="Pin 0" id="connector0">
   <part id="119280" title="100Ω Resistor" label="R1"/>
  </connector>
  <connector name="Pin 0" id="connector0">
   <part id="119281" title="100 Ω Resistor" label="R1"/>
  </connector>
  <connector name="anode" id="connector1">
   <part id="62280" title="Yellow (595nm) LED" label="LED1"/>
  </connector>
  <connector name="anode" id="connector1">
   <part id="62281" title="Yellow LED - 5mm" label="LED1"/>
  </connector>
 </net>
 <net>
  <connector name="anode" id="connector1">
   <part id="62340" title="Green (570nm) LED" label="LED3"/>
  </connector>
  <connector name="anode" id="connector1">
   <part id="62341" title="Green LED - 5mm" label="LED3"/>
  </connector>
  <connector name="Pin 0" id="connector0">
   <part id="119300" title="100Ω Resistor" label="R2"/>
  </connector>
  <connector name="Pin 0" id="connector0">
   <part id="119301" title="100 Ω Resistor" label="R2"/>
  </connector>
 </net>
 <net>
  <connector name="Pin 0" id="connector0">
   <part id="119320" title="100Ω Resistor" label="R3"/>
  </connector>
  <connector name="Pin 0" id="connector0">
   <part id="119321" title="100 Ω Resistor" label="R3"/>
  </connector>
  <connector name="anode" id="connector1">
   <part id="62310" title="Red (633nm) LED" label="LED2"/>
  </connector>
  <connector name="anode" id="connector1">
   <part id="62311" title="Red LED - 5mm" label="LED2"/>
  </connector>
 </net>
 <net>
  <connector name="C" id="connector2">
   <part id="63200" title="NPN-Transistor" label="Q1"/>
  </connector>
  <connector name="C" id="connector2">
   <part id="63201" title="NPN-Transistor" label="Q1"/>
  </connector>
  <connector name="Pin 2" id="connector1">
   <part id="58451" title="buzzer 9mm 9042" label="A2"/>
  </connector>
  <connector name="Pin 2" id="connector1">
   <part id="58450" title="buzzer 9mm 9042" label="A2"/>
  </connector>
 </net>
 <net>
  <connector name="Pin 7" id="connector6">
   <part id="62390" title="FT232-AZ USB to TTL serial adapter" label="A3"/>
  </connector>
  <connector name="Pin 7" id="connector6">
   <part id="62391" title="FT232-AZ USB to TTL serial adapter" label="A3"/>
  </connector>
  <connector name="Pin 23" id="connector22">
   <part id="62390" title="FT232-AZ USB to TTL serial adapter" label="A3"/>
  </connector>
  <connector name="Pin 23" id="connector22">
   <part id="62391" title="FT232-AZ USB to TTL serial adapter" label="A3"/>
  </connector>
  <connector name="Pin 30" id="connector29">
   <part id="58341" title="weact studio black pill" label="A1"/>
  </connector>
  <connector name="Pin 30" id="connector29">
   <part id="58340" title="weact studio black pill" label="A1"/>
  </connector>
 </net>
 <net>
  <connector name="Pin 26" id="connector25">
   <part id="62390" title="FT232-AZ USB to TTL serial adapter" label="A3"/>
  </connector>
  <connector name="Pin 26" id="connector25">
   <part id="62391" title="FT232-AZ USB to TTL serial adapter" label="A3"/>
  </connector>
 </net>
 <net>
  <connector name="Pin 4" id="connector3">
   <part id="62390" title="FT232-AZ USB to TTL serial adapter" label="A3"/>
  </connector>
  <connector name="Pin 4" id="connector3">
   <part id="62391" title="FT232-AZ USB to TTL serial adapter" label="A3"/>
  </connector>
 </net>
 <net>
  <connector name="Pin 3" id="connector2">
   <part id="62390" title="FT232-AZ USB to TTL serial adapter" label="A3"/>
  </connector>
  <connector name="Pin 3" id="connector2">
   <part id="62391" title="FT232-AZ USB to TTL serial adapter" label="A3"/>
  </connector>
 </net>
 <net>
  <connector name="Pin 20" id="connector19">
   <part id="62390" title="FT232-AZ USB to TTL serial adapter" label="A3"/>
  </connector>
  <connector name="Pin 20" id="connector19">
   <part id="62391" title="FT232-AZ USB to TTL serial adapter" label="A3"/>
  </connector>
 </net>
 <net>
  <connector name="Pin 6" id="connector5">
   <part id="62390" title="FT232-AZ USB to TTL serial adapter" label="A3"/>
  </connector>
  <connector name="Pin 6" id="connector5">
   <part id="62391" title="FT232-AZ USB to TTL serial adapter" label="A3"/>
  </connector>
 </net>
 <net>
  <connector name="Pin 5" id="connector4">
   <part id="62390" title="FT232-AZ USB to TTL serial adapter" label="A3"/>
  </connector>
  <connector name="Pin 5" id="connector4">
   <part id="62391" title="FT232-AZ USB to TTL serial adapter" label="A3"/>
  </connector>
 </net>
 <net>
  <connector name="Pin 2" id="connector1">
   <part id="62390" title="FT232-AZ USB to TTL serial adapter" label="A3"/>
  </connector>
  <connector name="Pin 2" id="connector1">
   <part id="62391" title="FT232-AZ USB to TTL serial adapter" label="A3"/>
  </connector>
 </net>
 <net>
  <connector name="Pin 22" id="connector21">
   <part id="62390" title="FT232-AZ USB to TTL serial adapter" label="A3"/>
  </connector>
  <connector name="Pin 22" id="connector21">
   <part id="62391" title="FT232-AZ USB to TTL serial adapter" label="A3"/>
  </connector>
 </net>
 <net>
  <connector name="Pin 27" id="connector26">
   <part id="62390" title="FT232-AZ USB to TTL serial adapter" label="A3"/>
  </connector>
  <connector name="Pin 27" id="connector26">
   <part id="62391" title="FT232-AZ USB to TTL serial adapter" label="A3"/>
  </connector>
 </net>
 <net>
  <connector name="Pin 1" id="connector0">
   <part id="62390" title="FT232-AZ USB to TTL serial adapter" label="A3"/>
  </connector>
  <connector name="Pin 1" id="connector0">
   <part id="62391" title="FT232-AZ USB to TTL serial adapter" label="A3"/>
  </connector>
 </net>
 <net>
  <connector name="Pin 24" id="connector23">
   <part id="62390" title="FT232-AZ USB to TTL serial adapter" label="A3"/>
  </connector>
  <connector name="Pin 24" id="connector23">
   <part id="62391" title="FT232-AZ USB to TTL serial adapter" label="A3"/>
  </connector>
 </net>
 <net>
  <connector name="Pin 21" id="connector20">
   <part id="62390" title="FT232-AZ USB to TTL serial adapter" label="A3"/>
  </connector>
  <connector name="Pin 21" id="connector20">
   <part id="62391" title="FT232-AZ USB to TTL serial adapter" label="A3"/>
  </connector>
 </net>
 <net>
  <connector name="Pin 10" id="connector9">
   <part id="58340" title="weact studio black pill" label="A1"/>
  </connector>
  <connector name="Pin 10" id="connector9">
   <part id="58341" title="weact studio black pill" label="A1"/>
  </connector>
 </net>
 <net>
  <connector name="Pin 32" id="connector31">
   <part id="58340" title="weact studio black pill" label="A1"/>
  </connector>
  <connector name="Pin 32" id="connector31">
   <part id="58341" title="weact studio black pill" label="A1"/>
  </connector>
 </net>
 <net>
  <connector name="Pin 42" id="connector41">
   <part id="58340" title="weact studio black pill" label="A1"/>
  </connector>
  <connector name="Pin 42" id="connector41">
   <part id="58341" title="weact studio black pill" label="A1"/>
  </connector>
  <connector name="Pin 24" id="connector23">
   <part id="58340" title="weact studio black pill" label="A1"/>
  </connector>
  <connector name="Pin 24" id="connector23">
   <part id="58341" title="weact studio black pill" label="A1"/>
  </connector>
 </net>
 <net>
  <connector name="Pin 11" id="connector10">
   <part id="58340" title="weact studio black pill" label="A1"/>
  </connector>
  <connector name="Pin 11" id="connector10">
   <part id="58341" title="weact studio black pill" label="A1"/>
  </connector>
 </net>
 <net>
  <connector name="Pin 14" id="connector13">
   <part id="58340" title="weact studio black pill" label="A1"/>
  </connector>
  <connector name="Pin 14" id="connector13">
   <part id="58341" title="weact studio black pill" label="A1"/>
  </connector>
 </net>
 <net>
  <connector name="Pin 12" id="connector11">
   <part id="58340" title="weact studio black pill" label="A1"/>
  </connector>
  <connector name="Pin 12" id="connector11">
   <part id="58341" title="weact studio black pill" label="A1"/>
  </connector>
 </net>
 <net>
  <connector name="Pin 7" id="connector6">
   <part id="58340" title="weact studio black pill" label="A1"/>
  </connector>
  <connector name="Pin 7" id="connector6">
   <part id="58341" title="weact studio black pill" label="A1"/>
  </connector>
 </net>
 <net>
  <connector name="Pin 20" id="connector19">
   <part id="58340" title="weact studio black pill" label="A1"/>
  </connector>
  <connector name="Pin 20" id="connector19">
   <part id="58341" title="weact studio black pill" label="A1"/>
  </connector>
 </net>
 <net>
  <connector name="Pin 25" id="connector24">
   <part id="58340" title="weact studio black pill" label="A1"/>
  </connector>
  <connector name="Pin 25" id="connector24">
   <part id="58341" title="weact studio black pill" label="A1"/>
  </connector>
 </net>
 <net>
  <connector name="Pin 41" id="connector40">
   <part id="58340" title="weact studio black pill" label="A1"/>
  </connector>
  <connector name="Pin 41" id="connector40">
   <part id="58341" title="weact studio black pill" label="A1"/>
  </connector>
 </net>
 <net>
  <connector name="Pin 21" id="connector20">
   <part id="58340" title="weact studio black pill" label="A1"/>
  </connector>
  <connector name="Pin 21" id="connector20">
   <part id="58341" title="weact studio black pill" label="A1"/>
  </connector>
 </net>
 <net>
  <connector name="Pin 6" id="connector5">
   <part id="58340" title="weact studio black pill" label="A1"/>
  </connector>
  <connector name="Pin 6" id="connector5">
   <part id="58341" title="weact studio black pill" label="A1"/>
  </connector>
 </net>
 <net>
  <connector name="Pin 13" id="connector12">
   <part id="58340" title="weact studio black pill" label="A1"/>
  </connector>
  <connector name="Pin 13" id="connector12">
   <part id="58341" title="weact studio black pill" label="A1"/>
  </connector>
 </net>
 <net>
  <connector name="Pin 34" id="connector33">
   <part id="58340" title="weact studio black pill" label="A1"/>
  </connector>
  <connector name="Pin 34" id="connector33">
   <part id="58341" title="weact studio black pill" label="A1"/>
  </connector>
 </net>
 <net>
  <connector name="Pin 27" id="connector26">
   <part id="58340" title="weact studio black pill" label="A1"/>
  </connector>
  <connector name="Pin 27" id="connector26">
   <part id="58341" title="weact studio black pill" label="A1"/>
  </connector>
 </net>
 <net>
  <connector name="Pin 8" id="connector7">
   <part id="58340" title="weact studio black pill" label="A1"/>
  </connector>
  <connector name="Pin 8" id="connector7">
   <part id="58341" title="weact studio black pill" label="A1"/>
  </connector>
 </net>
 <net>
  <connector name="Pin 33" id="connector32">
   <part id="58340" title="weact studio black pill" label="A1"/>
  </connector>
  <connector name="Pin 33" id="connector32">
   <part id="58341" title="weact studio black pill" label="A1"/>
  </connector>
 </net>
 <net>
  <connector name="Pin 5" id="connector4">
   <part id="58340" title="weact studio black pill" label="A1"/>
  </connector>
  <connector name="Pin 5" id="connector4">
   <part id="58341" title="weact studio black pill" label="A1"/>
  </connector>
 </net>
 <net>
  <connector name="Pin 29" id="connector28">
   <part id="58340" title="weact studio black pill" label="A1"/>
  </connector>
  <connector name="Pin 29" id="connector28">
   <part id="58341" title="weact studio black pill" label="A1"/>
  </connector>
 </net>
 <net>
  <connector name="Pin 38" id="connector37">
   <part id="58340" title="weact studio black pill" label="A1"/>
  </connector>
  <connector name="Pin 38" id="connector37">
   <part id="58341" title="weact studio black pill" label="A1"/>
  </connector>
 </net>
 <net>
  <connector name="Pin 9" id="connector8">
   <part id="58340" title="weact studio black pill" label="A1"/>
  </connector>
  <connector name="Pin 9" id="connector8">
   <part id="58341" title="weact studio black pill" label="A1"/>
  </connector>
 </net>
 <net>
  <connector name="Pin 18" id="connector17">
   <part id="58340" title="weact studio black pill" label="A1"/>
  </connector>
  <connector name="Pin 18" id="connector17">
   <part id="58341" title="weact studio black pill" label="A1"/>
  </connector>
  <connector name="Pin 1" id="connector1">
   <part id="119321" title="100 Ω Resistor" label="R3"/>
  </connector>
  <connector name="Pin 1" id="connector1">
   <part id="119320" title="100Ω Resistor" label="R3"/>
  </connector>
 </net>
 <net>
  <connector name="Pin 36" id="connector35">
   <part id="58340" title="weact studio black pill" label="A1"/>
  </connector>
  <connector name="Pin 36" id="connector35">
   <part id="58341" title="weact studio black pill" label="A1"/>
  </connector>
  <connector name="Pin 1" id="connector1">
   <part id="120311" title="1k Ω Resistor" label="R4"/>
  </connector>
  <connector name="Pin 1" id="connector1">
   <part id="120310" title="1kΩ Resistor" label="R4"/>
  </connector>
 </net>
 <net>
  <connector name="Pin 16" id="connector15">
   <part id="58340" title="weact studio black pill" label="A1"/>
  </connector>
  <connector name="Pin 16" id="connector15">
   <part id="58341" title="weact studio black pill" label="A1"/>
  </connector>
 </net>
 <net>
  <connector name="Pin 35" id="connector34">
   <part id="58340" title="weact studio black pill" label="A1"/>
  </connector>
  <connector name="Pin 35" id="connector34">
   <part id="58341" title="weact studio black pill" label="A1"/>
  </connector>
 </net>
 <net>
  <connector name="Pin 2" id="connector1">
   <part id="58340" title="weact studio black pill" label="A1"/>
  </connector>
  <connector name="Pin 2" id="connector1">
   <part id="58341" title="weact studio black pill" label="A1"/>
  </connector>
 </net>
 <net>
  <connector name="Pin 37" id="connector36">
   <part id="58340" title="weact studio black pill" label="A1"/>
  </connector>
  <connector name="Pin 37" id="connector36">
   <part id="58341" title="weact studio black pill" label="A1"/>
  </connector>
 </net>
 <net>
  <connector name="Pin 26" id="connector25">
   <part id="58340" title="weact studio black pill" label="A1"/>
  </connector>
  <connector name="Pin 26" id="connector25">
   <part id="58341" title="weact studio black pill" label="A1"/>
  </connector>
 </net>
 <net>
  <connector name="Pin 3" id="connector2">
   <part id="58340" title="weact studio black pill" label="A1"/>
  </connector>
  <connector name="Pin 3" id="connector2">
   <part id="58341" title="weact studio black pill" label="A1"/>
  </connector>
 </net>
 <net>
  <connector name="Pin 15" id="connector14">
   <part id="58340" title="weact studio black pill" label="A1"/>
  </connector>
  <connector name="Pin 15" id="connector14">
   <part id="58341" title="weact studio black pill" label="A1"/>
  </connector>
 </net>
 <net>
  <connector name="Pin 28" id="connector27">
   <part id="58340" title="weact studio black pill" label="A1"/>
  </connector>
  <connector name="Pin 28" id="connector27">
   <part id="58341" title="weact studio black pill" label="A1"/>
  </connector>
 </net>
 <net>
  <connector name="O" id="connector4">
   <part id="120920" title="SWITCH_SPDT" label="U1"/>
  </connector>
 </net>
</netlist>
